trainno, train_line
1054, Cynwyd (Inbound)
1055, Cynwyd (Outbound)
1056, Cynwyd (Inbound)
1057, Cynwyd (Outbound)
1058, Cynwyd (Inbound)
1059, Cynwyd (Outbound)
1060, Cynwyd (Inbound)
1061, Cynwyd (Outbound)
1062, Cynwyd (Inbound)
1071, Cynwyd (Outbound)
1072, Cynwyd (Inbound)
1081, Cynwyd (Outbound)
1082, Cynwyd (Inbound)
1083, Cynwyd (Outbound)
1084, Cynwyd (Inbound)
1085, Cynwyd (Outbound)
1086, Cynwyd (Inbound)
1087, Cynwyd (Outbound)
1088, Cynwyd (Inbound)
1089, Cynwyd (Outbound)
1091, Cynwyd (Outbound)
1203, Wilmington/Newark (Outbound)
1256, Wilmington/Newark (Inbound)
1293, Wilmington/Newark (Outbound)
1295, Wilmington/Newark (Outbound)
1386, Media/Elwyn (Inbound)
1390, Media/Elwyn (Inbound)
1500, Paoli/Thorndale (Inbound)
1502, Paoli/Thorndale (Inbound)
1512, Paoli/Thorndale (Inbound)
1513, Paoli/Thorndale (Outbound)
1516, Paoli/Thorndale (Inbound)
1517, Paoli/Thorndale (Outbound)
1520, Paoli/Thorndale (Inbound)
1521, Paoli/Thorndale (Outbound)
1524, Paoli/Thorndale (Inbound)
1525, Paoli/Thorndale (Outbound)
1528, Paoli/Thorndale (Inbound)
1529, Paoli/Thorndale (Outbound)
1532, Paoli/Thorndale (Inbound)
1533, Paoli/Thorndale (Outbound)
1536, Paoli/Thorndale (Inbound)
1537, Paoli/Thorndale (Outbound)
1540, Paoli/Thorndale (Inbound)
1541, Paoli/Thorndale (Outbound)
1544, Paoli/Thorndale (Inbound)
1545, Paoli/Thorndale (Outbound)
1548, Paoli/Thorndale (Inbound)
1549, Paoli/Thorndale (Outbound)
1552, Paoli/Thorndale (Inbound)
1553, Paoli/Thorndale (Outbound)
1556, Paoli/Thorndale (Inbound)
1557, Paoli/Thorndale (Outbound)
1565, Paoli/Thorndale (Outbound)
1595, Paoli/Thorndale (Outbound)
1701, Trenton (Outbound)
1703, Trenton (Outbound)
1766, Trenton (Inbound)
1781, Trenton (Outbound)
1803, Chestnut Hill West (Outbound)
200, Manayunk/Norristown (Outbound)
200, Wilmington/Newark (Inbound)
202, Manayunk/Norristown (Outbound)
202, Wilmington/Newark (Inbound)
205, Manayunk/Norristown (Inbound)
205, Wilmington/Newark (Outbound)
206, Manayunk/Norristown (Outbound)
206, Wilmington/Newark (Inbound)
207, Manayunk/Norristown (Inbound)
207, Wilmington/Newark (Outbound)
208, Manayunk/Norristown (Outbound)
208, Wilmington/Newark (Inbound)
209, Manayunk/Norristown (Inbound)
209, Wilmington/Newark (Outbound)
210, Manayunk/Norristown (Outbound)
210, Wilmington/Newark (Inbound)
211, Manayunk/Norristown (Inbound)
211, Wilmington/Newark (Outbound)
212, Manayunk/Norristown (Outbound)
212, Wilmington/Newark (Inbound)
213, Manayunk/Norristown (Inbound)
213, Wilmington/Newark (Outbound)
214, Manayunk/Norristown (Outbound)
214, Wilmington/Newark (Inbound)
215, Manayunk/Norristown (Inbound)
215, Wilmington/Newark (Outbound)
216, Manayunk/Norristown (Outbound)
216, Wilmington/Newark (Inbound)
217, Manayunk/Norristown (Inbound)
217, Wilmington/Newark (Outbound)
218, Manayunk/Norristown (Outbound)
218, Wilmington/Newark (Inbound)
219, Manayunk/Norristown (Inbound)
219, Wilmington/Newark (Outbound)
220, Manayunk/Norristown (Outbound)
220, Wilmington/Newark (Inbound)
221, Manayunk/Norristown (Inbound)
221, Wilmington/Newark (Outbound)
222, Manayunk/Norristown (Outbound)
222, Wilmington/Newark (Inbound)
223, Manayunk/Norristown (Inbound)
223, Wilmington/Newark (Outbound)
224, Manayunk/Norristown (Outbound)
224, Wilmington/Newark (Inbound)
225, Manayunk/Norristown (Inbound)
225, Wilmington/Newark (Outbound)
226, Manayunk/Norristown (Outbound)
226, Wilmington/Newark (Inbound)
227, Manayunk/Norristown (Inbound)
227, Wilmington/Newark (Outbound)
228, Manayunk/Norristown (Outbound)
228, Wilmington/Newark (Inbound)
229, Manayunk/Norristown (Inbound)
229, Wilmington/Newark (Outbound)
230, Manayunk/Norristown (Outbound)
230, Wilmington/Newark (Inbound)
2301, Manayunk/Norristown (Inbound)
231, Manayunk/Norristown (Inbound)
231, Wilmington/Newark (Outbound)
232, Manayunk/Norristown (Outbound)
232, Wilmington/Newark (Inbound)
2327, Manayunk/Norristown (Inbound)
2327, Media/Elwyn (Outbound)
2329, Manayunk/Norristown (Inbound)
2329, Media/Elwyn (Outbound)
2333, Manayunk/Norristown (Inbound)
2333, Media/Elwyn (Outbound)
235, Manayunk/Norristown (Inbound)
235, Wilmington/Newark (Outbound)
2367, Manayunk/Norristown (Inbound)
2367, Media/Elwyn (Outbound)
2371, Manayunk/Norristown (Inbound)
2371, Media/Elwyn (Outbound)
2372, Glenside (Outbound)
2372, West Trenton (Outbound)
2372, Wilmington/Newark (Inbound)
2386, Glenside (Outbound)
2386, West Trenton (Outbound)
2450, Glenside (Outbound)
2450, Warminster (Outbound)
2509, Manayunk/Norristown (Inbound)
252, Manayunk/Norristown (Outbound)
252, Wilmington/Newark (Inbound)
2555, Manayunk/Norristown (Inbound)
2555, Paoli/Thorndale (Outbound)
2573, Manayunk/Norristown (Inbound)
2573, Paoli/Thorndale (Outbound)
264, Manayunk/Norristown (Outbound)
264, Wilmington/Newark (Inbound)
2718, Chestnut Hill East (Outbound)
2718, Wilmington/Newark (Inbound)
272, Manayunk/Norristown (Outbound)
272, Wilmington/Newark (Inbound)
2720, Wilmington/Newark (Inbound)
273, Manayunk/Norristown (Inbound)
273, Wilmington/Newark (Outbound)
274, Manayunk/Norristown (Outbound)
274, Wilmington/Newark (Inbound)
275, Manayunk/Norristown (Inbound)
275, Wilmington/Newark (Outbound)
2751, Manayunk/Norristown (Inbound)
2751, Trenton (Outbound)
276, Manayunk/Norristown (Outbound)
276, Wilmington/Newark (Inbound)
2760, Chestnut Hill East (Outbound)
2760, Wilmington/Newark (Inbound)
277, Manayunk/Norristown (Inbound)
277, Wilmington/Newark (Outbound)
279, Manayunk/Norristown (Inbound)
279, Wilmington/Newark (Outbound)
306, Glenside (Outbound)
306, Media/Elwyn (Inbound)
306, West Trenton (Outbound)
309, Glenside (Inbound)
309, Media/Elwyn (Outbound)
309, West Trenton (Inbound)
313, Glenside (Inbound)
313, West Trenton (Inbound)
319, Glenside (Inbound)
319, Media/Elwyn (Outbound)
319, West Trenton (Inbound)
3223, Glenside (Inbound)
3223, West Trenton (Inbound)
3223, Wilmington/Newark (Outbound)
3224, Manayunk/Norristown (Outbound)
3224, Media/Elwyn (Inbound)
3226, Manayunk/Norristown (Outbound)
3226, Media/Elwyn (Inbound)
323, Glenside (Inbound)
323, Media/Elwyn (Outbound)
323, West Trenton (Inbound)
3234, Manayunk/Norristown (Outbound)
3234, Media/Elwyn (Inbound)
3236, Manayunk/Norristown (Outbound)
3236, Media/Elwyn (Inbound)
3238, Manayunk/Norristown (Outbound)
3238, Media/Elwyn (Inbound)
3240, Manayunk/Norristown (Outbound)
3240, Media/Elwyn (Inbound)
3256, Manayunk/Norristown (Outbound)
326, Glenside (Outbound)
326, Media/Elwyn (Inbound)
326, West Trenton (Outbound)
328, Glenside (Outbound)
328, Media/Elwyn (Inbound)
328, West Trenton (Outbound)
330, Glenside (Outbound)
330, Media/Elwyn (Inbound)
330, West Trenton (Outbound)
338, Glenside (Outbound)
338, Media/Elwyn (Inbound)
338, West Trenton (Outbound)
3505, Glenside (Inbound)
3505, Paoli/Thorndale (Outbound)
3505, West Trenton (Inbound)
3507, Glenside (Inbound)
3507, West Trenton (Inbound)
3510, Glenside (Outbound)
3510, Lansdale/Doylestown (Outbound)
3510, Media/Elwyn (Inbound)
3511, Glenside (Inbound)
3511, Paoli/Thorndale (Outbound)
3511, West Trenton (Inbound)
3512, Glenside (Outbound)
3512, Lansdale/Doylestown (Outbound)
3512, Media/Elwyn (Inbound)
3514, Glenside (Outbound)
3514, Lansdale/Doylestown (Outbound)
3514, Media/Elwyn (Inbound)
3515, Glenside (Inbound)
3515, Paoli/Thorndale (Outbound)
3515, West Trenton (Inbound)
3516, Glenside (Outbound)
3516, Lansdale/Doylestown (Outbound)
3516, Media/Elwyn (Inbound)
3518, Glenside (Outbound)
3518, Lansdale/Doylestown (Outbound)
3518, Media/Elwyn (Inbound)
3519, Glenside (Inbound)
3519, Paoli/Thorndale (Outbound)
3519, West Trenton (Inbound)
3520, Glenside (Outbound)
3520, Lansdale/Doylestown (Outbound)
3520, Media/Elwyn (Inbound)
3522, Glenside (Outbound)
3522, Lansdale/Doylestown (Outbound)
3522, Media/Elwyn (Inbound)
3523, Glenside (Inbound)
3523, Paoli/Thorndale (Outbound)
3523, West Trenton (Inbound)
3524, Glenside (Outbound)
3524, Lansdale/Doylestown (Outbound)
3524, Media/Elwyn (Inbound)
3526, Glenside (Outbound)
3526, Lansdale/Doylestown (Outbound)
3526, Media/Elwyn (Inbound)
3527, Glenside (Inbound)
3527, Paoli/Thorndale (Outbound)
3527, West Trenton (Inbound)
3528, Glenside (Outbound)
3528, Lansdale/Doylestown (Outbound)
3528, Media/Elwyn (Inbound)
3530, Glenside (Outbound)
3530, Lansdale/Doylestown (Outbound)
3530, Media/Elwyn (Inbound)
3531, Glenside (Inbound)
3531, Paoli/Thorndale (Outbound)
3531, West Trenton (Inbound)
3532, Glenside (Outbound)
3532, Lansdale/Doylestown (Outbound)
3532, Media/Elwyn (Inbound)
3534, Glenside (Outbound)
3534, Lansdale/Doylestown (Outbound)
3534, Media/Elwyn (Inbound)
3535, Glenside (Inbound)
3535, Paoli/Thorndale (Outbound)
3535, West Trenton (Inbound)
3536, Glenside (Outbound)
3536, Lansdale/Doylestown (Outbound)
3536, Media/Elwyn (Inbound)
3538, Glenside (Outbound)
3538, Lansdale/Doylestown (Outbound)
3538, Media/Elwyn (Inbound)
3539, Glenside (Inbound)
3539, Paoli/Thorndale (Outbound)
3539, West Trenton (Inbound)
3540, Glenside (Outbound)
3540, Lansdale/Doylestown (Outbound)
3540, Media/Elwyn (Inbound)
3542, Glenside (Outbound)
3542, Lansdale/Doylestown (Outbound)
3542, Media/Elwyn (Inbound)
3543, Glenside (Inbound)
3543, Paoli/Thorndale (Outbound)
3543, West Trenton (Inbound)
3547, Glenside (Inbound)
3547, Paoli/Thorndale (Outbound)
3547, West Trenton (Inbound)
3551, Glenside (Inbound)
3551, Paoli/Thorndale (Outbound)
3551, West Trenton (Inbound)
3555, Glenside (Inbound)
3555, Paoli/Thorndale (Outbound)
3555, West Trenton (Inbound)
3559, Glenside (Inbound)
3559, Paoli/Thorndale (Outbound)
3559, West Trenton (Inbound)
3561, Glenside (Inbound)
3561, Paoli/Thorndale (Outbound)
3561, West Trenton (Inbound)
3563, Glenside (Inbound)
3563, Paoli/Thorndale (Outbound)
3563, West Trenton (Inbound)
3565, Glenside (Inbound)
3565, Paoli/Thorndale (Outbound)
3565, West Trenton (Inbound)
3566, Glenside (Outbound)
3566, Lansdale/Doylestown (Outbound)
3566, Media/Elwyn (Inbound)
3567, Glenside (Inbound)
3567, Paoli/Thorndale (Outbound)
3567, West Trenton (Inbound)
3569, Glenside (Inbound)
3569, Paoli/Thorndale (Outbound)
3569, West Trenton (Inbound)
3596, Lansdale/Doylestown (Outbound)
3596, Media/Elwyn (Inbound)
361, Glenside (Inbound)
361, Media/Elwyn (Outbound)
361, West Trenton (Inbound)
369, Glenside (Inbound)
369, Media/Elwyn (Outbound)
369, West Trenton (Inbound)
373, Glenside (Inbound)
373, Media/Elwyn (Outbound)
373, West Trenton (Inbound)
3738, Media/Elwyn (Inbound)
3755, Glenside (Inbound)
3755, Trenton (Outbound)
3755, West Trenton (Inbound)
376, Glenside (Outbound)
376, Media/Elwyn (Inbound)
376, West Trenton (Outbound)
3791, Glenside (Inbound)
3791, Trenton (Outbound)
3791, West Trenton (Inbound)
380, Glenside (Outbound)
380, Media/Elwyn (Inbound)
380, West Trenton (Outbound)
383, Glenside (Inbound)
383, Media/Elwyn (Outbound)
383, West Trenton (Inbound)
384, Glenside (Outbound)
384, Media/Elwyn (Inbound)
384, West Trenton (Outbound)
387, Glenside (Inbound)
387, Media/Elwyn (Outbound)
387, West Trenton (Inbound)
388, Glenside (Outbound)
388, Media/Elwyn (Inbound)
388, West Trenton (Outbound)
389, Glenside (Inbound)
389, Media/Elwyn (Outbound)
389, West Trenton (Inbound)
392, Glenside (Outbound)
392, Media/Elwyn (Inbound)
392, West Trenton (Outbound)
393, Glenside (Inbound)
393, Media/Elwyn (Outbound)
393, West Trenton (Inbound)
394, Glenside (Outbound)
394, Media/Elwyn (Inbound)
394, West Trenton (Outbound)
395, Glenside (Inbound)
395, Media/Elwyn (Outbound)
395, West Trenton (Inbound)
396, Glenside (Outbound)
396, Media/Elwyn (Inbound)
396, West Trenton (Outbound)
398, Glenside (Outbound)
398, Media/Elwyn (Inbound)
398, West Trenton (Outbound)
401, Airport (Outbound)
401, Glenside (Inbound)
401, Warminster (Inbound)
403, Airport (Outbound)
403, Glenside (Inbound)
403, Warminster (Inbound)
404, Airport (Inbound)
404, Glenside (Outbound)
404, Warminster (Outbound)
405, Airport (Outbound)
405, Glenside (Inbound)
405, Warminster (Inbound)
406, Airport (Inbound)
406, Glenside (Outbound)
406, Warminster (Outbound)
407, Airport (Outbound)
407, Glenside (Inbound)
407, Warminster (Inbound)
410, Airport (Inbound)
410, Glenside (Outbound)
410, Warminster (Outbound)
411, Airport (Outbound)
411, Glenside (Inbound)
411, Warminster (Inbound)
414, Airport (Inbound)
414, Glenside (Outbound)
414, Warminster (Outbound)
415, Airport (Outbound)
415, Glenside (Inbound)
415, Warminster (Inbound)
416, Airport (Inbound)
416, Glenside (Outbound)
416, Warminster (Outbound)
418, Airport (Inbound)
418, Glenside (Outbound)
418, Warminster (Outbound)
419, Airport (Outbound)
419, Glenside (Inbound)
419, Warminster (Inbound)
420, Airport (Inbound)
420, Glenside (Outbound)
420, Warminster (Outbound)
4211, Glenside (Inbound)
4211, Warminster (Inbound)
4211, Wilmington/Newark (Outbound)
4213, Glenside (Inbound)
4213, Warminster (Inbound)
4213, Wilmington/Newark (Outbound)
4215, Glenside (Inbound)
4215, Warminster (Inbound)
4215, Wilmington/Newark (Outbound)
422, Airport (Inbound)
422, Glenside (Outbound)
422, Warminster (Outbound)
423, Airport (Outbound)
423, Glenside (Inbound)
423, Warminster (Inbound)
424, Airport (Inbound)
424, Glenside (Outbound)
424, Warminster (Outbound)
4249, Wilmington/Newark (Outbound)
425, Airport (Outbound)
425, Glenside (Inbound)
425, Warminster (Inbound)
4257, Glenside (Inbound)
4257, Warminster (Inbound)
4257, Wilmington/Newark (Outbound)
426, Airport (Inbound)
426, Glenside (Outbound)
426, Warminster (Outbound)
4269, Glenside (Inbound)
4269, Warminster (Inbound)
4269, Wilmington/Newark (Outbound)
427, Airport (Outbound)
427, Glenside (Inbound)
427, Warminster (Inbound)
428, Airport (Inbound)
428, Glenside (Outbound)
428, Warminster (Outbound)
429, Airport (Outbound)
429, Glenside (Inbound)
429, Warminster (Inbound)
430, Airport (Inbound)
430, Glenside (Outbound)
430, Warminster (Outbound)
431, Airport (Outbound)
431, Glenside (Inbound)
431, Warminster (Inbound)
4311, Glenside (Inbound)
4311, Media/Elwyn (Outbound)
4311, Warminster (Inbound)
432, Airport (Inbound)
432, Glenside (Outbound)
432, Warminster (Outbound)
433, Airport (Outbound)
433, Glenside (Inbound)
433, Warminster (Inbound)
4331, Glenside (Inbound)
4331, Media/Elwyn (Outbound)
4331, Warminster (Inbound)
434, Airport (Inbound)
434, Glenside (Outbound)
434, Warminster (Outbound)
4343, Glenside (Inbound)
4343, Media/Elwyn (Outbound)
4343, Warminster (Inbound)
435, Airport (Outbound)
435, Glenside (Inbound)
435, Warminster (Inbound)
4359, Glenside (Inbound)
4359, Media/Elwyn (Outbound)
4359, Warminster (Inbound)
436, Airport (Inbound)
436, Glenside (Outbound)
436, Warminster (Outbound)
437, Airport (Outbound)
437, Glenside (Inbound)
437, Warminster (Inbound)
438, Airport (Inbound)
438, Glenside (Outbound)
438, Warminster (Outbound)
439, Airport (Outbound)
439, Glenside (Inbound)
439, Warminster (Inbound)
441, Airport (Outbound)
441, Glenside (Inbound)
441, Warminster (Inbound)
442, Airport (Inbound)
442, Glenside (Outbound)
442, Warminster (Outbound)
443, Airport (Outbound)
443, Glenside (Inbound)
443, Warminster (Inbound)
445, Airport (Outbound)
445, Glenside (Inbound)
445, Warminster (Inbound)
446, Airport (Inbound)
446, Glenside (Outbound)
446, Warminster (Outbound)
447, Airport (Outbound)
447, Glenside (Inbound)
447, Warminster (Inbound)
450, Airport (Inbound)
450, Glenside (Outbound)
450, Warminster (Outbound)
451, Airport (Outbound)
451, Glenside (Inbound)
451, Warminster (Inbound)
452, Airport (Inbound)
452, Glenside (Outbound)
452, Warminster (Outbound)
454, Airport (Inbound)
454, Glenside (Outbound)
454, Warminster (Outbound)
455, Airport (Outbound)
455, Glenside (Inbound)
455, Warminster (Inbound)
456, Airport (Inbound)
456, Glenside (Outbound)
456, Warminster (Outbound)
458, Airport (Inbound)
458, Glenside (Outbound)
458, Warminster (Outbound)
459, Airport (Outbound)
459, Glenside (Inbound)
459, Warminster (Inbound)
460, Airport (Inbound)
460, Glenside (Outbound)
460, Warminster (Outbound)
461, Airport (Outbound)
461, Glenside (Inbound)
461, Warminster (Inbound)
462, Airport (Inbound)
462, Glenside (Outbound)
462, Warminster (Outbound)
463, Airport (Outbound)
463, Glenside (Inbound)
463, Warminster (Inbound)
464, Airport (Inbound)
464, Glenside (Outbound)
464, Warminster (Outbound)
465, Airport (Outbound)
465, Glenside (Inbound)
465, Warminster (Inbound)
466, Airport (Inbound)
466, Glenside (Outbound)
466, Warminster (Outbound)
467, Airport (Outbound)
467, Glenside (Inbound)
467, Warminster (Inbound)
468, Airport (Inbound)
468, Glenside (Outbound)
468, Warminster (Outbound)
469, Airport (Outbound)
469, Glenside (Inbound)
469, Warminster (Inbound)
470, Airport (Inbound)
470, Glenside (Outbound)
470, Warminster (Outbound)
4704, Airport (Inbound)
4704, Chestnut Hill East (Outbound)
4705, Glenside (Inbound)
4705, Trenton (Outbound)
4705, Warminster (Inbound)
4708, Airport (Inbound)
4708, Chestnut Hill East (Outbound)
471, Airport (Outbound)
471, Glenside (Inbound)
471, Warminster (Inbound)
4712, Airport (Inbound)
4712, Chestnut Hill East (Outbound)
4716, Airport (Inbound)
4716, Chestnut Hill East (Outbound)
472, Airport (Inbound)
472, Glenside (Outbound)
472, Warminster (Outbound)
4720, Airport (Inbound)
4720, Chestnut Hill East (Outbound)
4724, Airport (Inbound)
4724, Chestnut Hill East (Outbound)
4728, Airport (Inbound)
4728, Chestnut Hill East (Outbound)
473, Airport (Outbound)
473, Glenside (Inbound)
473, Warminster (Inbound)
4732, Airport (Inbound)
4732, Chestnut Hill East (Outbound)
4736, Airport (Inbound)
4736, Chestnut Hill East (Outbound)
474, Airport (Inbound)
474, Glenside (Outbound)
474, Warminster (Outbound)
4740, Airport (Inbound)
4740, Chestnut Hill East (Outbound)
4744, Airport (Inbound)
4744, Chestnut Hill East (Outbound)
4748, Airport (Inbound)
4748, Chestnut Hill East (Outbound)
475, Airport (Outbound)
475, Glenside (Inbound)
475, Warminster (Inbound)
4752, Airport (Inbound)
4752, Chestnut Hill East (Outbound)
4756, Airport (Inbound)
4756, Chestnut Hill East (Outbound)
476, Airport (Inbound)
476, Glenside (Outbound)
476, Warminster (Outbound)
4760, Airport (Inbound)
4760, Chestnut Hill East (Outbound)
4764, Airport (Inbound)
4764, Chestnut Hill East (Outbound)
4768, Airport (Inbound)
4768, Chestnut Hill East (Outbound)
477, Airport (Outbound)
477, Glenside (Inbound)
477, Warminster (Inbound)
478, Airport (Inbound)
478, Glenside (Outbound)
478, Warminster (Outbound)
4802, Airport (Inbound)
4815, Chestnut Hill West (Outbound)
4815, Glenside (Inbound)
4815, Warminster (Inbound)
499, Airport (Outbound)
499, Glenside (Inbound)
499, Warminster (Inbound)
501, Glenside (Inbound)
501, Lansdale/Doylestown (Inbound)
501, Paoli/Thorndale (Outbound)
503, Glenside (Inbound)
503, Lansdale/Doylestown (Inbound)
503, Paoli/Thorndale (Outbound)
507, Lansdale/Doylestown (Inbound)
507, Paoli/Thorndale (Outbound)
509, Glenside (Inbound)
509, Lansdale/Doylestown (Inbound)
509, Paoli/Thorndale (Outbound)
513, Glenside (Inbound)
513, Lansdale/Doylestown (Inbound)
513, Paoli/Thorndale (Outbound)
514, Glenside (Outbound)
514, Lansdale/Doylestown (Outbound)
514, Paoli/Thorndale (Inbound)
515, Glenside (Inbound)
515, Lansdale/Doylestown (Inbound)
515, Paoli/Thorndale (Outbound)
516, Glenside (Outbound)
516, Lansdale/Doylestown (Outbound)
516, Paoli/Thorndale (Inbound)
519, Glenside (Inbound)
519, Lansdale/Doylestown (Inbound)
519, Paoli/Thorndale (Outbound)
521, Glenside (Inbound)
521, Lansdale/Doylestown (Inbound)
521, Paoli/Thorndale (Outbound)
522, Paoli/Thorndale (Inbound)
523, Glenside (Inbound)
523, Lansdale/Doylestown (Inbound)
523, Paoli/Thorndale (Outbound)
525, Glenside (Inbound)
525, Lansdale/Doylestown (Inbound)
525, Paoli/Thorndale (Outbound)
5253, Glenside (Inbound)
5253, Lansdale/Doylestown (Inbound)
5253, Wilmington/Newark (Outbound)
5265, Glenside (Inbound)
5265, Lansdale/Doylestown (Inbound)
5265, Wilmington/Newark (Outbound)
527, Glenside (Inbound)
527, Lansdale/Doylestown (Inbound)
527, Paoli/Thorndale (Outbound)
529, Glenside (Inbound)
529, Lansdale/Doylestown (Inbound)
529, Paoli/Thorndale (Outbound)
5305, Glenside (Inbound)
5305, Lansdale/Doylestown (Inbound)
5305, Media/Elwyn (Outbound)
5307, Glenside (Inbound)
5307, Lansdale/Doylestown (Inbound)
5307, Media/Elwyn (Outbound)
5309, Glenside (Inbound)
5309, Lansdale/Doylestown (Inbound)
5309, Media/Elwyn (Outbound)
531, Glenside (Inbound)
531, Lansdale/Doylestown (Inbound)
531, Paoli/Thorndale (Outbound)
5311, Glenside (Inbound)
5311, Lansdale/Doylestown (Inbound)
5311, Media/Elwyn (Outbound)
5313, Glenside (Inbound)
5313, Lansdale/Doylestown (Inbound)
5313, Media/Elwyn (Outbound)
5314, Glenside (Outbound)
5314, Paoli/Thorndale (Inbound)
5314, West Trenton (Outbound)
5315, Glenside (Inbound)
5315, Lansdale/Doylestown (Inbound)
5315, Media/Elwyn (Outbound)
5317, Glenside (Inbound)
5317, Lansdale/Doylestown (Inbound)
5317, Media/Elwyn (Outbound)
5318, Glenside (Outbound)
5318, Paoli/Thorndale (Inbound)
5318, West Trenton (Outbound)
5319, Glenside (Inbound)
5319, Lansdale/Doylestown (Inbound)
5319, Media/Elwyn (Outbound)
5321, Glenside (Inbound)
5321, Lansdale/Doylestown (Inbound)
5321, Media/Elwyn (Outbound)
5322, Glenside (Outbound)
5322, Paoli/Thorndale (Inbound)
5322, West Trenton (Outbound)
5323, Glenside (Inbound)
5323, Lansdale/Doylestown (Inbound)
5323, Media/Elwyn (Outbound)
5325, Glenside (Inbound)
5325, Lansdale/Doylestown (Inbound)
5325, Media/Elwyn (Outbound)
5326, Glenside (Outbound)
5326, Paoli/Thorndale (Inbound)
5326, West Trenton (Outbound)
5327, Glenside (Inbound)
5327, Lansdale/Doylestown (Inbound)
5327, Media/Elwyn (Outbound)
5329, Glenside (Inbound)
5329, Lansdale/Doylestown (Inbound)
5329, Media/Elwyn (Outbound)
533, Glenside (Inbound)
533, Lansdale/Doylestown (Inbound)
533, Paoli/Thorndale (Outbound)
5330, Glenside (Outbound)
5330, Paoli/Thorndale (Inbound)
5330, West Trenton (Outbound)
5331, Glenside (Inbound)
5331, Lansdale/Doylestown (Inbound)
5331, Media/Elwyn (Outbound)
5333, Glenside (Inbound)
5333, Lansdale/Doylestown (Inbound)
5333, Media/Elwyn (Outbound)
5334, Glenside (Outbound)
5334, Paoli/Thorndale (Inbound)
5334, West Trenton (Outbound)
5335, Glenside (Inbound)
5335, Lansdale/Doylestown (Inbound)
5335, Media/Elwyn (Outbound)
5338, Glenside (Outbound)
5338, Paoli/Thorndale (Inbound)
5338, West Trenton (Outbound)
5339, Glenside (Inbound)
5339, Lansdale/Doylestown (Inbound)
5339, Media/Elwyn (Outbound)
5342, Glenside (Outbound)
5342, Paoli/Thorndale (Inbound)
5342, West Trenton (Outbound)
5346, Glenside (Outbound)
5346, Paoli/Thorndale (Inbound)
5346, West Trenton (Outbound)
5350, Glenside (Outbound)
5350, Paoli/Thorndale (Inbound)
5350, West Trenton (Outbound)
5354, Glenside (Outbound)
5354, Paoli/Thorndale (Inbound)
5354, West Trenton (Outbound)
5358, Glenside (Outbound)
5358, Paoli/Thorndale (Inbound)
5358, West Trenton (Outbound)
5360, Glenside (Outbound)
5360, Paoli/Thorndale (Inbound)
5360, West Trenton (Outbound)
5362, Glenside (Outbound)
5362, Paoli/Thorndale (Inbound)
5362, West Trenton (Outbound)
5364, Glenside (Outbound)
5364, Paoli/Thorndale (Inbound)
5364, West Trenton (Outbound)
5366, Glenside (Outbound)
5366, Paoli/Thorndale (Inbound)
5366, West Trenton (Outbound)
5368, Glenside (Outbound)
5368, Paoli/Thorndale (Inbound)
5368, West Trenton (Outbound)
537, Glenside (Inbound)
537, Lansdale/Doylestown (Inbound)
537, Paoli/Thorndale (Outbound)
539, Glenside (Inbound)
539, Lansdale/Doylestown (Inbound)
539, Paoli/Thorndale (Outbound)
540, Glenside (Outbound)
540, Lansdale/Doylestown (Outbound)
540, Paoli/Thorndale (Inbound)
5408, Glenside (Outbound)
5408, Paoli/Thorndale (Inbound)
5408, Warminster (Outbound)
541, Glenside (Inbound)
541, Lansdale/Doylestown (Inbound)
541, Paoli/Thorndale (Outbound)
544, Glenside (Outbound)
544, Lansdale/Doylestown (Outbound)
544, Paoli/Thorndale (Inbound)
5444, Glenside (Outbound)
5444, Warminster (Outbound)
545, Glenside (Inbound)
545, Lansdale/Doylestown (Inbound)
545, Paoli/Thorndale (Outbound)
546, Glenside (Outbound)
546, Lansdale/Doylestown (Outbound)
546, Paoli/Thorndale (Inbound)
548, Glenside (Outbound)
548, Lansdale/Doylestown (Outbound)
548, Paoli/Thorndale (Inbound)
550, Glenside (Outbound)
550, Lansdale/Doylestown (Outbound)
550, Paoli/Thorndale (Inbound)
551, Glenside (Inbound)
551, Lansdale/Doylestown (Inbound)
551, Paoli/Thorndale (Outbound)
552, Glenside (Outbound)
552, Lansdale/Doylestown (Outbound)
552, Paoli/Thorndale (Inbound)
553, Glenside (Inbound)
553, Lansdale/Doylestown (Inbound)
553, Paoli/Thorndale (Outbound)
554, Glenside (Outbound)
554, Lansdale/Doylestown (Outbound)
554, Paoli/Thorndale (Inbound)
556, Glenside (Outbound)
556, Lansdale/Doylestown (Outbound)
556, Paoli/Thorndale (Inbound)
558, Glenside (Outbound)
558, Lansdale/Doylestown (Outbound)
558, Paoli/Thorndale (Inbound)
560, Glenside (Outbound)
560, Lansdale/Doylestown (Outbound)
560, Paoli/Thorndale (Inbound)
562, Glenside (Outbound)
562, Lansdale/Doylestown (Outbound)
562, Paoli/Thorndale (Inbound)
564, Glenside (Outbound)
564, Lansdale/Doylestown (Outbound)
564, Paoli/Thorndale (Inbound)
567, Glenside (Inbound)
567, Lansdale/Doylestown (Inbound)
567, Paoli/Thorndale (Outbound)
568, Glenside (Outbound)
568, Lansdale/Doylestown (Outbound)
568, Paoli/Thorndale (Inbound)
570, Glenside (Outbound)
570, Lansdale/Doylestown (Outbound)
570, Paoli/Thorndale (Inbound)
5711, Lansdale/Doylestown (Inbound)
5711, Trenton (Outbound)
5712, Chestnut Hill East (Outbound)
5712, Paoli/Thorndale (Inbound)
5714, Paoli/Thorndale (Inbound)
5728, Paoli/Thorndale (Inbound)
573, Glenside (Inbound)
573, Lansdale/Doylestown (Inbound)
573, Paoli/Thorndale (Outbound)
5737, Glenside (Inbound)
5737, Lansdale/Doylestown (Inbound)
5737, Trenton (Outbound)
574, Glenside (Outbound)
574, Lansdale/Doylestown (Outbound)
574, Paoli/Thorndale (Inbound)
575, Glenside (Inbound)
575, Lansdale/Doylestown (Inbound)
575, Paoli/Thorndale (Outbound)
577, Glenside (Inbound)
577, Lansdale/Doylestown (Inbound)
577, Paoli/Thorndale (Outbound)
578, Glenside (Outbound)
578, Lansdale/Doylestown (Outbound)
578, Paoli/Thorndale (Inbound)
579, Glenside (Inbound)
579, Lansdale/Doylestown (Inbound)
579, Paoli/Thorndale (Outbound)
580, Glenside (Outbound)
580, Lansdale/Doylestown (Outbound)
580, Paoli/Thorndale (Inbound)
581, Glenside (Inbound)
581, Lansdale/Doylestown (Inbound)
581, Paoli/Thorndale (Outbound)
582, Glenside (Outbound)
582, Lansdale/Doylestown (Outbound)
582, Paoli/Thorndale (Inbound)
583, Glenside (Inbound)
583, Lansdale/Doylestown (Inbound)
583, Paoli/Thorndale (Outbound)
584, Glenside (Outbound)
584, Lansdale/Doylestown (Outbound)
584, Paoli/Thorndale (Inbound)
585, Glenside (Inbound)
585, Lansdale/Doylestown (Inbound)
585, Paoli/Thorndale (Outbound)
586, Glenside (Outbound)
586, Lansdale/Doylestown (Outbound)
586, Paoli/Thorndale (Inbound)
587, Glenside (Inbound)
587, Lansdale/Doylestown (Inbound)
587, Paoli/Thorndale (Outbound)
588, Glenside (Outbound)
588, Lansdale/Doylestown (Outbound)
588, Paoli/Thorndale (Inbound)
589, Glenside (Inbound)
589, Lansdale/Doylestown (Inbound)
589, Paoli/Thorndale (Outbound)
591, Glenside (Inbound)
591, Lansdale/Doylestown (Inbound)
591, Paoli/Thorndale (Outbound)
592, Glenside (Outbound)
592, Lansdale/Doylestown (Outbound)
592, Paoli/Thorndale (Inbound)
594, Glenside (Outbound)
594, Lansdale/Doylestown (Outbound)
594, Paoli/Thorndale (Inbound)
596, Glenside (Outbound)
596, Lansdale/Doylestown (Outbound)
596, Paoli/Thorndale (Inbound)
598, Glenside (Outbound)
598, Lansdale/Doylestown (Outbound)
598, Paoli/Thorndale (Inbound)
6200, Manayunk/Norristown (Outbound)
6202, Manayunk/Norristown (Outbound)
6204, Manayunk/Norristown (Outbound)
6211, Manayunk/Norristown (Inbound)
6212, Manayunk/Norristown (Outbound)
6217, Manayunk/Norristown (Inbound)
6219, Manayunk/Norristown (Inbound)
6221, Manayunk/Norristown (Inbound)
6223, Manayunk/Norristown (Inbound)
6225, Manayunk/Norristown (Inbound)
6231, Manayunk/Norristown (Inbound)
6233, Manayunk/Norristown (Inbound)
6235, Manayunk/Norristown (Inbound)
6236, Manayunk/Norristown (Outbound)
6237, Manayunk/Norristown (Inbound)
6238, Manayunk/Norristown (Outbound)
6239, Manayunk/Norristown (Inbound)
6241, Manayunk/Norristown (Inbound)
6242, Manayunk/Norristown (Outbound)
6244, Manayunk/Norristown (Outbound)
6246, Manayunk/Norristown (Outbound)
6248, Manayunk/Norristown (Outbound)
6269, Manayunk/Norristown (Inbound)
6271, Manayunk/Norristown (Inbound)
6278, Manayunk/Norristown (Outbound)
6281, Manayunk/Norristown (Inbound)
6283, Manayunk/Norristown (Inbound)
6291, Manayunk/Norristown (Inbound)
6300, Glenside (Outbound)
6300, West Trenton (Outbound)
6301, Glenside (Inbound)
6301, West Trenton (Inbound)
6302, Glenside (Outbound)
6302, West Trenton (Outbound)
6303, Glenside (Inbound)
6303, West Trenton (Inbound)
6304, Glenside (Outbound)
6304, West Trenton (Outbound)
6305, Glenside (Inbound)
6305, West Trenton (Inbound)
6306, Glenside (Outbound)
6306, West Trenton (Outbound)
6307, Glenside (Inbound)
6307, West Trenton (Inbound)
6308, Glenside (Outbound)
6308, West Trenton (Outbound)
6309, Glenside (Inbound)
6309, West Trenton (Inbound)
6310, Glenside (Outbound)
6310, West Trenton (Outbound)
6311, Glenside (Inbound)
6311, West Trenton (Inbound)
6312, West Trenton (Outbound)
6313, Glenside (Inbound)
6313, West Trenton (Inbound)
6321, West Trenton (Inbound)
6322, Glenside (Outbound)
6322, West Trenton (Outbound)
6325, West Trenton (Inbound)
6327, Glenside (Inbound)
6327, West Trenton (Inbound)
6358, Glenside (Outbound)
6358, West Trenton (Outbound)
6370, Glenside (Outbound)
6370, West Trenton (Outbound)
6374, West Trenton (Outbound)
6378, West Trenton (Outbound)
6400, Glenside (Outbound)
6400, Warminster (Outbound)
6404, Glenside (Outbound)
6404, Warminster (Outbound)
6406, Glenside (Outbound)
6406, Warminster (Outbound)
6408, Glenside (Outbound)
6408, Warminster (Outbound)
6410, Glenside (Outbound)
6410, Warminster (Outbound)
6411, Glenside (Inbound)
6411, Warminster (Inbound)
6412, Glenside (Outbound)
6412, Warminster (Outbound)
6413, Glenside (Inbound)
6413, Warminster (Inbound)
6414, Glenside (Outbound)
6414, Warminster (Outbound)
6416, Glenside (Outbound)
6416, Warminster (Outbound)
6418, Glenside (Outbound)
6418, Warminster (Outbound)
6419, Glenside (Inbound)
6419, Warminster (Inbound)
6420, Glenside (Outbound)
6420, Warminster (Outbound)
6421, Glenside (Inbound)
6421, Warminster (Inbound)
6422, Glenside (Outbound)
6422, Warminster (Outbound)
6425, Glenside (Inbound)
6425, Warminster (Inbound)
6427, Glenside (Inbound)
6427, Warminster (Inbound)
6429, Glenside (Inbound)
6429, Warminster (Inbound)
6435, Glenside (Inbound)
6435, Warminster (Inbound)
6441, Glenside (Inbound)
6441, Warminster (Inbound)
6443, Glenside (Inbound)
6443, Warminster (Inbound)
6444, Glenside (Outbound)
6444, Warminster (Outbound)
6447, Glenside (Inbound)
6447, Warminster (Inbound)
6448, Glenside (Outbound)
6448, Warminster (Outbound)
6449, Glenside (Inbound)
6449, Warminster (Inbound)
6450, Glenside (Outbound)
6450, Warminster (Outbound)
6454, Glenside (Outbound)
6454, Warminster (Outbound)
6458, Glenside (Outbound)
6458, Warminster (Outbound)
6460, Glenside (Outbound)
6460, Warminster (Outbound)
6462, Glenside (Outbound)
6462, Warminster (Outbound)
6464, Glenside (Outbound)
6464, Warminster (Outbound)
6468, Glenside (Outbound)
6468, Warminster (Outbound)
6479, Glenside (Inbound)
6479, Warminster (Inbound)
6506, Glenside (Outbound)
6506, Lansdale/Doylestown (Outbound)
6512, Glenside (Outbound)
6512, Lansdale/Doylestown (Outbound)
6517, Glenside (Inbound)
6517, Lansdale/Doylestown (Inbound)
6572, Lansdale/Doylestown (Outbound)
6576, Lansdale/Doylestown (Outbound)
6595, Lansdale/Doylestown (Inbound)
6596, Lansdale/Doylestown (Outbound)
6598, Lansdale/Doylestown (Outbound)
6710, Chestnut Hill East (Outbound)
6711, Chestnut Hill East (Inbound)
6713, Chestnut Hill East (Inbound)
6715, Chestnut Hill East (Inbound)
6721, Chestnut Hill East (Inbound)
6730, Chestnut Hill East (Outbound)
6737, Chestnut Hill East (Inbound)
6762, Chestnut Hill East (Outbound)
6779, Chestnut Hill East (Inbound)
6803, Fox Chase (Inbound)
6804, Fox Chase (Outbound)
6848, Fox Chase (Outbound)
6856, Fox Chase (Outbound)
707, Chestnut Hill East (Inbound)
707, Trenton (Outbound)
7218, Trenton (Inbound)
7220, Trenton (Inbound)
7239, Wilmington/Newark (Outbound)
7241, Wilmington/Newark (Outbound)
725, Chestnut Hill East (Inbound)
725, Trenton (Outbound)
7250, Manayunk/Norristown (Outbound)
7250, Trenton (Inbound)
726, Chestnut Hill East (Outbound)
726, Trenton (Inbound)
731, Chestnut Hill East (Inbound)
731, Trenton (Outbound)
732, Chestnut Hill East (Outbound)
732, Trenton (Inbound)
7327, Chestnut Hill East (Inbound)
7327, Media/Elwyn (Outbound)
733, Chestnut Hill East (Inbound)
733, Trenton (Outbound)
734, Chestnut Hill East (Outbound)
734, Trenton (Inbound)
735, Chestnut Hill East (Inbound)
735, Trenton (Outbound)
736, Chestnut Hill East (Outbound)
736, Trenton (Inbound)
7363, Chestnut Hill East (Inbound)
7363, Media/Elwyn (Outbound)
738, Chestnut Hill East (Outbound)
738, Trenton (Inbound)
7390, Glenside (Outbound)
7390, Trenton (Inbound)
7390, West Trenton (Outbound)
740, Chestnut Hill East (Outbound)
740, Trenton (Inbound)
7406, Trenton (Inbound)
7408, Trenton (Inbound)
7409, Airport (Outbound)
7409, Chestnut Hill East (Inbound)
7413, Airport (Outbound)
7413, Chestnut Hill East (Inbound)
7417, Airport (Outbound)
7417, Chestnut Hill East (Inbound)
7421, Airport (Outbound)
7421, Chestnut Hill East (Inbound)
7425, Airport (Outbound)
7425, Chestnut Hill East (Inbound)
7429, Airport (Outbound)
7429, Chestnut Hill East (Inbound)
743, Chestnut Hill East (Inbound)
743, Trenton (Outbound)
7433, Airport (Outbound)
7433, Chestnut Hill East (Inbound)
7437, Airport (Outbound)
7437, Chestnut Hill East (Inbound)
7441, Airport (Outbound)
7441, Chestnut Hill East (Inbound)
7445, Airport (Outbound)
7445, Chestnut Hill East (Inbound)
7449, Airport (Outbound)
7449, Chestnut Hill East (Inbound)
7453, Airport (Outbound)
7453, Chestnut Hill East (Inbound)
7457, Airport (Outbound)
7457, Chestnut Hill East (Inbound)
746, Chestnut Hill East (Outbound)
746, Trenton (Inbound)
7461, Airport (Outbound)
7461, Chestnut Hill East (Inbound)
7465, Airport (Outbound)
7465, Chestnut Hill East (Inbound)
7469, Airport (Outbound)
7469, Chestnut Hill East (Inbound)
7473, Airport (Outbound)
7473, Chestnut Hill East (Inbound)
7534, Glenside (Outbound)
7534, Lansdale/Doylestown (Outbound)
7534, Trenton (Inbound)
754, Chestnut Hill East (Outbound)
754, Trenton (Inbound)
757, Chestnut Hill East (Inbound)
757, Trenton (Outbound)
758, Chestnut Hill East (Outbound)
758, Trenton (Inbound)
759, Chestnut Hill East (Inbound)
759, Trenton (Outbound)
765, Chestnut Hill East (Inbound)
765, Trenton (Outbound)
768, Chestnut Hill East (Outbound)
768, Trenton (Inbound)
769, Chestnut Hill East (Inbound)
769, Trenton (Outbound)
772, Chestnut Hill East (Outbound)
772, Trenton (Inbound)
773, Chestnut Hill East (Inbound)
773, Trenton (Outbound)
774, Chestnut Hill East (Outbound)
774, Trenton (Inbound)
776, Chestnut Hill East (Outbound)
776, Trenton (Inbound)
777, Chestnut Hill East (Inbound)
777, Trenton (Outbound)
778, Chestnut Hill East (Outbound)
778, Trenton (Inbound)
780, Chestnut Hill East (Outbound)
780, Trenton (Inbound)
783, Chestnut Hill East (Inbound)
783, Trenton (Outbound)
7841, Chestnut Hill West (Outbound)
7842, Fox Chase (Outbound)
7842, Trenton (Inbound)
7843, Chestnut Hill East (Inbound)
7843, Chestnut Hill West (Outbound)
7845, Chestnut Hill East (Inbound)
7845, Chestnut Hill West (Outbound)
7865, Chestnut Hill East (Inbound)
7865, Chestnut Hill West (Outbound)
805, Chestnut Hill West (Outbound)
805, Fox Chase (Inbound)
807, Chestnut Hill West (Outbound)
807, Fox Chase (Inbound)
809, Chestnut Hill West (Outbound)
809, Fox Chase (Inbound)
810, Chestnut Hill West (Inbound)
810, Fox Chase (Outbound)
811, Chestnut Hill West (Outbound)
811, Fox Chase (Inbound)
812, Chestnut Hill West (Inbound)
812, Fox Chase (Outbound)
813, Chestnut Hill West (Outbound)
813, Fox Chase (Inbound)
814, Chestnut Hill West (Inbound)
814, Fox Chase (Outbound)
815, Chestnut Hill West (Outbound)
815, Fox Chase (Inbound)
816, Chestnut Hill West (Inbound)
816, Fox Chase (Outbound)
818, Chestnut Hill West (Inbound)
818, Fox Chase (Outbound)
819, Chestnut Hill West (Outbound)
819, Fox Chase (Inbound)
822, Chestnut Hill West (Inbound)
822, Fox Chase (Outbound)
823, Chestnut Hill West (Outbound)
823, Fox Chase (Inbound)
8230, Chestnut Hill West (Inbound)
8230, Manayunk/Norristown (Outbound)
8234, Chestnut Hill West (Inbound)
8234, Manayunk/Norristown (Outbound)
824, Chestnut Hill West (Inbound)
824, Fox Chase (Outbound)
825, Chestnut Hill West (Outbound)
825, Fox Chase (Inbound)
826, Chestnut Hill West (Inbound)
826, Fox Chase (Outbound)
8266, Chestnut Hill West (Inbound)
8266, Manayunk/Norristown (Outbound)
827, Chestnut Hill West (Outbound)
827, Fox Chase (Inbound)
8270, Chestnut Hill West (Inbound)
8270, Manayunk/Norristown (Outbound)
828, Chestnut Hill West (Inbound)
828, Fox Chase (Outbound)
829, Chestnut Hill West (Outbound)
829, Fox Chase (Inbound)
830, Chestnut Hill West (Inbound)
830, Fox Chase (Outbound)
831, Chestnut Hill West (Outbound)
831, Fox Chase (Inbound)
832, Chestnut Hill West (Inbound)
832, Fox Chase (Outbound)
833, Chestnut Hill West (Outbound)
833, Fox Chase (Inbound)
834, Chestnut Hill West (Inbound)
834, Fox Chase (Outbound)
835, Chestnut Hill West (Outbound)
835, Fox Chase (Inbound)
836, Chestnut Hill West (Inbound)
836, Fox Chase (Outbound)
837, Chestnut Hill West (Outbound)
837, Fox Chase (Inbound)
838, Chestnut Hill West (Inbound)
838, Fox Chase (Outbound)
839, Chestnut Hill West (Outbound)
839, Fox Chase (Inbound)
842, Chestnut Hill West (Inbound)
842, Fox Chase (Outbound)
843, Chestnut Hill West (Outbound)
843, Fox Chase (Inbound)
846, Chestnut Hill West (Inbound)
846, Fox Chase (Outbound)
847, Chestnut Hill West (Outbound)
847, Fox Chase (Inbound)
848, Chestnut Hill West (Inbound)
848, Fox Chase (Outbound)
849, Chestnut Hill West (Outbound)
849, Fox Chase (Inbound)
850, Chestnut Hill West (Inbound)
850, Fox Chase (Outbound)
851, Chestnut Hill West (Outbound)
851, Fox Chase (Inbound)
8517, Fox Chase (Inbound)
8517, Paoli/Thorndale (Outbound)
852, Chestnut Hill West (Inbound)
852, Fox Chase (Outbound)
853, Chestnut Hill West (Outbound)
853, Fox Chase (Inbound)
854, Chestnut Hill West (Inbound)
854, Fox Chase (Outbound)
855, Chestnut Hill West (Outbound)
855, Fox Chase (Inbound)
857, Chestnut Hill West (Outbound)
857, Fox Chase (Inbound)
858, Chestnut Hill West (Inbound)
858, Fox Chase (Outbound)
859, Chestnut Hill West (Outbound)
859, Fox Chase (Inbound)
860, Chestnut Hill West (Inbound)
860, Fox Chase (Outbound)
861, Chestnut Hill West (Outbound)
861, Fox Chase (Inbound)
862, Chestnut Hill West (Inbound)
862, Fox Chase (Outbound)
863, Chestnut Hill West (Outbound)
863, Fox Chase (Inbound)
864, Chestnut Hill West (Inbound)
864, Fox Chase (Outbound)
866, Chestnut Hill West (Inbound)
866, Fox Chase (Outbound)
867, Chestnut Hill West (Outbound)
867, Fox Chase (Inbound)
868, Chestnut Hill West (Inbound)
868, Fox Chase (Outbound)
870, Chestnut Hill West (Inbound)
870, Fox Chase (Outbound)
8721, Fox Chase (Inbound)
8721, Trenton (Outbound)
8749, Fox Chase (Inbound)
8749, Trenton (Outbound)
8752, Chestnut Hill East (Outbound)
8752, Chestnut Hill West (Inbound)
8764, Chestnut Hill East (Outbound)
8764, Chestnut Hill West (Inbound)
8775, Fox Chase (Inbound)
8775, Trenton (Outbound)
9201, Wilmington/Newark (Outbound)
9203, Wilmington/Newark (Outbound)
9212, Wilmington/Newark (Inbound)
9214, Wilmington/Newark (Inbound)
9216, Wilmington/Newark (Inbound)
9218, Wilmington/Newark (Inbound)
9227, Wilmington/Newark (Outbound)
9229, Wilmington/Newark (Outbound)
9230, Wilmington/Newark (Inbound)
9231, Wilmington/Newark (Inbound)
9234, Wilmington/Newark (Inbound)
9235, Wilmington/Newark (Outbound)
9236, Wilmington/Newark (Inbound)
9237, Wilmington/Newark (Outbound)
9238, Wilmington/Newark (Inbound)
9240, Wilmington/Newark (Inbound)
9242, Wilmington/Newark (Inbound)
9243, Wilmington/Newark (Outbound)
9245, Wilmington/Newark (Outbound)
9251, Wilmington/Newark (Outbound)
9254, Wilmington/Newark (Inbound)
9260, Wilmington/Newark (Inbound)
9261, Wilmington/Newark (Outbound)
9264, Wilmington/Newark (Inbound)
9266, Wilmington/Newark (Inbound)
9268, Wilmington/Newark (Inbound)
9294, Wilmington/Newark (Inbound)
9301, Media/Elwyn (Inbound)
9334, Media/Elwyn (Inbound)
9340, Media/Elwyn (Inbound)
9346, Media/Elwyn (Inbound)
9348, Media/Elwyn (Inbound)
9351, Media/Elwyn (Outbound)
9355, Media/Elwyn (Outbound)
9357, Media/Elwyn (Outbound)
9365, Media/Elwyn (Outbound)
9402, Airport (Inbound)
9404, Airport (Inbound)
9406, Airport (Inbound)
9408, Airport (Inbound)
9410, Airport (Inbound)
9411, Airport (Outbound)
9412, Airport (Inbound)
9413, Airport (Outbound)
9415, Airport (Outbound)
9417, Airport (Outbound)
9419, Airport (Outbound)
9421, Airport (Outbound)
9438, Airport (Inbound)
9440, Airport (Inbound)
9442, Airport (Inbound)
9444, Airport (Inbound)
9446, Airport (Inbound)
9447, Airport (Outbound)
9448, Airport (Inbound)
9449, Airport (Outbound)
9450, Airport (Inbound)
9451, Airport (Outbound)
9453, Airport (Outbound)
9455, Airport (Outbound)
9457, Airport (Outbound)
9459, Airport (Outbound)
9506, Paoli/Thorndale (Inbound)
9508, Paoli/Thorndale (Inbound)
9510, Paoli/Thorndale (Inbound)
9524, Paoli/Thorndale (Inbound)
9526, Paoli/Thorndale (Inbound)
9530, Paoli/Thorndale (Inbound)
9532, Paoli/Thorndale (Inbound)
9535, Paoli/Thorndale (Outbound)
9536, Paoli/Thorndale (Inbound)
9538, Paoli/Thorndale (Inbound)
9542, Paoli/Thorndale (Inbound)
9543, Paoli/Thorndale (Outbound)
9547, Paoli/Thorndale (Outbound)
9559, Paoli/Thorndale (Outbound)
9561, Paoli/Thorndale (Outbound)
9563, Paoli/Thorndale (Outbound)
9569, Paoli/Thorndale (Outbound)
9570, Paoli/Thorndale (Inbound)
9571, Paoli/Thorndale (Outbound)
9572, Paoli/Thorndale (Inbound)
9577, Paoli/Thorndale (Outbound)
9597, Paoli/Thorndale (Outbound)
9700, Trenton (Inbound)
9701, Trenton (Outbound)
9703, Trenton (Outbound)
9705, Trenton (Outbound)
9706, Trenton (Inbound)
9707, Trenton (Outbound)
9708, Trenton (Inbound)
9709, Trenton (Outbound)
9710, Trenton (Inbound)
9711, Trenton (Outbound)
9712, Trenton (Inbound)
9713, Trenton (Outbound)
9714, Trenton (Inbound)
9715, Trenton (Outbound)
9716, Trenton (Inbound)
9717, Trenton (Outbound)
9718, Trenton (Inbound)
9719, Trenton (Outbound)
9720, Trenton (Inbound)
9721, Trenton (Outbound)
9722, Trenton (Inbound)
9723, Trenton (Outbound)
9724, Trenton (Inbound)
9725, Trenton (Outbound)
9726, Trenton (Inbound)
9727, Trenton (Outbound)
9728, Trenton (Inbound)
9729, Trenton (Outbound)
9730, Trenton (Inbound)
9731, Trenton (Outbound)
9732, Trenton (Inbound)
9733, Trenton (Outbound)
9734, Trenton (Inbound)
9735, Trenton (Outbound)
9736, Trenton (Inbound)
9737, Trenton (Outbound)
9739, Trenton (Outbound)
9740, Trenton (Inbound)
9741, Trenton (Outbound)
9742, Trenton (Inbound)
9744, Trenton (Inbound)
9745, Trenton (Outbound)
9747, Trenton (Outbound)
9756, Trenton (Inbound)
9784, Trenton (Inbound)
9803, Chestnut Hill West (Outbound)
9820, Chestnut Hill West (Inbound)
9837, Chestnut Hill West (Outbound)
